First Name,Last Name,Email,Username,Account Number,Password,Balance
Roberto,Wells,ostewart@yahoo.com,robertowells,245609681,pass1234,8124.0
Sarah,Manning,wendypierce@yahoo.com,sarahmanning,408638335,pass1234,7166.32
Brian,Ferguson,peternorman@saunders-cortez.com,brianferguson,317307571,pass1234,663.69
James,Parks,powerselizabeth@yahoo.com,jamesparks,943969658,pass1234,6763.72
Michael,Gonzales,marmstrong@tran-webster.info,michaelgonzales,733299230,pass1234,7408.82
Christina,Ponce,mhall@gmail.com,christinaponce,740649692,pass1234,445.64
Melvin,Vincent,petersenlori@gmail.com,melvinvincent,549536433,pass1234,7436.26
David,Thompson,ithompson@yahoo.com,davidthompson,672163415,pass1234,9292.34
Cindy,Howard,ujimenez@yahoo.com,cindyhoward,525349948,pass1234,962.77
Edgar,Rodriguez,angelawang@yahoo.com,edgarrodriguez,594099563,pass1234,6033.84
Adriana,Lynch,richardhamilton@welch.com,adrianalynch,488908708,pass1234,1493.95
Russell,Petersen,lopezdavid@hotmail.com,russellpetersen,899993301,pass1234,350.88
Daniel,Blevins,erinmack@floyd.com,danielblevins,408312968,pass1234,5160.24
Erin,Harrison,iscott@garcia.com,erinharrison,563253572,pass1234,3694.52
Dennis,Ritter,cheryl52@farrell.org,dennisritter,865117018,pass1234,5948.69
Paul,Baldwin,thomasgarcia@yahoo.com,paulbaldwin,306978723,pass1234,468.25
Connie,Marsh,stephenslisa@gmail.com,conniemarsh,391670381,pass1234,0.0
Tammy,Young,hollandsarah@yahoo.com,tammyyoung,384453648,pass1234,4237.86
Eric,Anderson,donovanjessica@hotmail.com,ericanderson,185541849,pass1234,1186.71
Lisa,Henry,ashleyjohnston@gmail.com,lisahenry,642846658,pass1234,1612.5
Kimberly,Martin,debrasmith@gmail.com,kimberlymartin,273035730,pass1234,6882.61
Dennis,Hardin,bdavis@richards.biz,dennishardin,314655937,pass1234,1386.05
James,Johnson,heather32@bailey.com,jamesjohnson,142850947,pass1234,7172.34
Jacob,Butler,beth04@gmail.com,jacobbutler,318017014,pass1234,7593.48
Mary,Bennett,maybrenda@reed.net,marybennett,100662588,pass1234,5450.01
Michael,Horne,miranda31@small.com,michaelhorne,851646533,pass1234,5199.67
Jessica,Jenkins,doris75@howard-olson.net,jessicajenkins,692181317,pass1234,3673.7
Calvin,James,oflowers@scott-sloan.com,calvinjames,169865448,pass1234,4192.69
Richard,Ramirez,jessicaolson@navarro-wilson.net,richardramirez,995020115,pass1234,9465.37
Monique,Barnes,brian13@holmes-white.com,moniquebarnes,746798696,pass1234,6237.5
Dwayne,Porter,andrewhernandez@gmail.com,dwayneporter,979490326,pass1234,8711.5
Alexandra,Smith,emartinez@hotmail.com,alexandrasmith,918691057,pass1234,8642.03
Allen,Schultz,joelsmith@anderson.com,allenschultz,641089777,pass1234,7342.29
Kimberly,Tyler,martinhannah@yahoo.com,kimberlytyler,630058752,pass1234,3447.53
Sharon,Johnson,lisa32@gmail.com,sharonjohnson,698847977,pass1234,4973.01
Nathan,Nolan,stevenmcdonald@yahoo.com,nathannolan,671506538,pass1234,4638.34
David,Parker,marythompson@hotmail.com,davidparker,425041027,pass1234,2614.36
Matthew,Johnson,aguilaremily@gmail.com,matthewjohnson,904771100,pass1234,8406.8
Nicholas,Sullivan,spencestacy@gmail.com,nicholassullivan,435697620,pass1234,5689.65
Mark,West,chamberschristine@hunter.com,markwest,834671629,pass1234,4352.21
Chad,Jones,julian47@bishop.com,chadjones,369125032,pass1234,6519.6
Allison,Ramos,iolson@bishop.com,allisonramos,760786191,pass1234,5044.34
Lisa,Green,clopez@woodward.com,lisagreen,658327070,pass1234,4856.9
Paul,Flynn,weekswesley@gmail.com,paulflynn,982358567,pass1234,8697.35
James,Thomas,fwilson@yahoo.com,jamesthomas,783721613,pass1234,7642.61
Jessica,Gallegos,raymondrowe@simpson.com,jessicagallegos,591113250,pass1234,1223.66
Laura,Jones,sandra15@barrett-phelps.net,laurajones,162289168,pass1234,6315.02
Crystal,Bowen,beckchristopher@hotmail.com,crystalbowen,283960065,pass1234,9209.4
Adam,Aguirre,codystephenson@fox.org,adamaguirre,135255149,pass1234,2248.78
Gregory,Gardner,bullockbrandon@rubio.com,gregorygardner,746275381,pass1234,5947.34
Shannon,Martinez,nbest@patel.com,shannonmartinez,798886418,pass1234,6792.05
Melissa,Barry,jcarlson@yahoo.com,melissabarry,231895078,pass1234,8137.82
Julie,Hill,elizabeth92@higgins.com,juliehill,803343331,pass1234,2310.49
Clayton,Good,asanchez@gill.com,claytongood,717556078,pass1234,7774.12
Luke,Howell,soconnell@hotmail.com,lukehowell,995154692,pass1234,6266.63
George,Johnson,markbrown@fowler.com,georgejohnson,825165565,pass1234,1265.77
Michael,Bailey,prodriguez@yang.biz,michaelbailey,790292834,pass1234,7801.91
Shelly,Mahoney,glassalexandra@fuller.org,shellymahoney,936246469,pass1234,3985.41
Cheryl,Roach,wrightjo@ryan.biz,cherylroach,931312475,pass1234,2980.49
Brenda,Davis,steveparker@hunter-rhodes.info,brendadavis,739930741,pass1234,6697.11
Kristin,Ellis,mason30@wagner.org,kristinellis,589135162,pass1234,8875.49
Diane,Thomas,brittany45@figueroa-mccoy.com,dianethomas,552555300,pass1234,6474.28
Jeffrey,Byrd,cassandra78@gmail.com,jeffreybyrd,776037244,pass1234,3368.07
Timothy,Pope,andrewpowell@meza.com,timothypope,808151002,pass1234,1537.99
Danielle,Walton,markalvarez@hotmail.com,daniellewalton,936518756,pass1234,3340.19
Evan,Johnson,carlos59@simpson.com,evanjohnson,366586437,pass1234,6240.85
Jennifer,Foster,vriley@hotmail.com,jenniferfoster,270250816,pass1234,766.23
Kyle,Moore,dawnjones@williamson-garcia.net,kylemoore,510063121,pass1234,8572.1
Jessica,Rivera,drivera@hotmail.com,jessicarivera,577055662,pass1234,2362.85
Suzanne,Wilson,aprilsmith@dalton-smith.org,suzannewilson,298349340,pass1234,3374.16
Janice,Orr,williamstina@yahoo.com,janiceorr,854640584,pass1234,5786.95
Jill,Schultz,dunnrachel@pierce.org,jillschultz,348673117,pass1234,4167.0
Jeffrey,Cox,fbennett@harris-harris.net,jeffreycox,887648780,pass1234,4422.87
Austin,Davis,caroline14@aguirre.com,austindavis,714163858,pass1234,5587.01
Sherry,Mendez,ramirezerin@singleton.com,sherrymendez,673533701,pass1234,2454.13
Anne,Taylor,simmonsglen@jones.com,annetaylor,209670228,pass1234,9677.87
Dawn,Watson,jason17@andrade.com,dawnwatson,329579356,pass1234,516.1
Scott,Carroll,rgoodman@miranda-dawson.com,scottcarroll,104353472,pass1234,2087.89
Veronica,Miller,sweeneymichael@hotmail.com,veronicamiller,142021216,pass1234,9435.31
Zachary,Jenkins,gene32@gmail.com,zacharyjenkins,578543707,pass1234,6973.84
Emily,Sexton,melissabullock@lawson-smith.com,emilysexton,892592128,pass1234,5004.41
Christopher,Miller,lindalewis@smith-delacruz.net,christophermiller,270363937,pass1234,7730.02
Matthew,Owen,jason58@ferguson.com,matthewowen,626463490,pass1234,975.08
Pamela,Mccullough,sabrinagomez@yahoo.com,pamelamccullough,297055242,pass1234,2606.77
John,Mason,michelle11@hotmail.com,johnmason,674886167,pass1234,895.48
Philip,Young,carolyn78@hotmail.com,philipyoung,407810257,pass1234,7842.4
Timothy,Morales,uross@yahoo.com,timothymorales,892918469,pass1234,2477.97
Kenneth,Cunningham,duffymichael@wright.org,kennethcunningham,141687188,pass1234,4243.42
Brian,Mason,sthomas@fowler-jordan.com,brianmason,310012973,pass1234,8923.0
Daniel,Edwards,davisjames@smith.com,danieledwards,981696815,pass1234,2002.57
Anne,Garcia,johnmoore@yahoo.com,annegarcia,418051133,pass1234,6745.83
Matthew,Turner,sierrareilly@king.com,matthewturner,307406120,pass1234,2244.62
Barbara,Garcia,griffithaaron@owens.net,barbaragarcia,409864714,pass1234,4978.77
Glen,Poole,bethanywhite@gmail.com,glenpoole,481198801,pass1234,9778.21
Richard,Martinez,sfriedman@yahoo.com,richardmartinez,298651246,pass1234,9875.95
David,Jones,gregoryhamilton@jones-williams.com,davidjones,104850989,pass1234,3209.15
Lindsay,Marshall,samantha02@yahoo.com,lindsaymarshall,485650395,pass1234,3745.46
Lisa,Jones,khardy@molina.net,lisajones,996389179,pass1234,5235.56
Donna,Roberts,emily95@white.com,donnaroberts,772162796,pass1234,6867.69
Danny,Doyle,tkeller@hester.org,dannydoyle,216455946,pass1234,3779.27
sam,smith,samsmith@tbail.com,samsmith,539006793,130620,507035.63
Toyo,Ntewo,toyob4lyf@gmail.com,toyontewo,695287097,130620,10000000000.0
Toro,Ntewo,torontewo@yahoo.com,torontewo,267662284,130620,500000000.0
Ini,Edo,inieedo@gmail.com,iniedo,858831965,130620,4000000.0
Telegram,App,teleapp@gmail.com,telegramapp,885786725,130620,300000.0
